user_id,username,email,age,gender
1,vvruauda,vvruauda@test.com,39,Male
2,ybsqzwqy,ybsqzwqy@example.com,58,Male
3,gqcjxvmi,gqcjxvmi@test.com,28,Female
4,ljnxnnrh,ljnxnnrh@example.com,18,Male
5,bejtqrnf,bejtqrnf@mail.com,43,Female
6,qdompozc,qdompozc@mail.com,30,Female
7,lklnoxwl,lklnoxwl@mail.com,46,Female
8,jhrwydzw,jhrwydzw@example.com,50,Female
9,couloods,couloods@example.com,58,Female
10,hrsduzge,hrsduzge@example.com,53,Female
11,tszexqjo,tszexqjo@example.com,45,Non-binary
12,gfjivkol,gfjivkol@test.com,31,Male
13,fxzsfslz,fxzsfslz@test.com,37,Male
14,kyxmqijf,kyxmqijf@example.com,19,Non-binary
15,eaaeqmoh,eaaeqmoh@test.com,55,Non-binary
16,zrhuzuko,zrhuzuko@example.com,52,Female
17,tdizkwhy,tdizkwhy@mail.com,26,Female
18,ntggvcxc,ntggvcxc@example.com,36,Female
19,pbuekpgq,pbuekpgq@example.com,60,Non-binary
20,boyfcfec,boyfcfec@example.com,27,Non-binary
21,yoruabva,yoruabva@mail.com,26,Female
22,jqtldmwo,jqtldmwo@test.com,23,Non-binary
23,bbfrxhee,bbfrxhee@example.com,29,Non-binary
24,xjyllhgp,xjyllhgp@example.com,51,Female
25,qalgsjhy,qalgsjhy@test.com,42,Female
26,eqwquexx,eqwquexx@mail.com,35,Male
27,kyuqlmfz,kyuqlmfz@example.com,51,Non-binary
28,efflbppz,efflbppz@example.com,25,Female
29,ndodrdar,ndodrdar@test.com,54,Male
30,saglplzt,saglplzt@test.com,60,Male
31,pisxthcu,pisxthcu@mail.com,31,Non-binary
32,ocywmlmr,ocywmlmr@mail.com,49,Female
33,pexypuuo,pexypuuo@test.com,55,Non-binary
34,cjiumgry,cjiumgry@mail.com,34,Female
35,oqgtqyqv,oqgtqyqv@example.com,22,Male
36,vrmmqlbn,vrmmqlbn@example.com,23,Male
37,uautpiro,uautpiro@mail.com,51,Male
38,ysanuapk,ysanuapk@mail.com,31,Non-binary
39,ujicncfe,ujicncfe@mail.com,23,Male
40,afljscus,afljscus@mail.com,58,Non-binary
41,srqipapw,srqipapw@example.com,55,Non-binary
42,trbzulsn,trbzulsn@mail.com,22,Female
43,nujilltx,nujilltx@mail.com,33,Non-binary
44,atswyzjx,atswyzjx@example.com,24,Male
45,fapriahp,fapriahp@mail.com,29,Male
46,oeqlsqnh,oeqlsqnh@mail.com,31,Non-binary
47,tjqrlgcj,tjqrlgcj@test.com,19,Non-binary
48,zhpfibye,zhpfibye@mail.com,32,Non-binary
49,vhuhurnr,vhuhurnr@example.com,40,Male
50,lktchuww,lktchuww@test.com,37,Male
51,raeqkqjo,raeqkqjo@mail.com,55,Non-binary
52,kouukqaa,kouukqaa@example.com,53,Female
53,tzfgaqrx,tzfgaqrx@example.com,33,Non-binary
54,nottwckd,nottwckd@example.com,57,Male
55,irkbmynd,irkbmynd@test.com,48,Non-binary
56,fkgvqmxo,fkgvqmxo@mail.com,20,Male
57,qmonrtxo,qmonrtxo@example.com,59,Female
58,yuvlmzkr,yuvlmzkr@example.com,33,Non-binary
59,jebwtaft,jebwtaft@example.com,39,Non-binary
60,oqhtnwen,oqhtnwen@example.com,31,Non-binary
61,bitjrumv,bitjrumv@example.com,49,Male
62,raamsalj,raamsalj@test.com,41,Male
63,qpwawfdz,qpwawfdz@test.com,56,Non-binary
64,gwgomufk,gwgomufk@test.com,27,Female
65,nrtsipsa,nrtsipsa@mail.com,26,Female
66,yvmynvix,yvmynvix@example.com,26,Male
67,bxmukqxq,bxmukqxq@test.com,60,Female
68,xrkgcsww,xrkgcsww@test.com,19,Female
69,gckiwyct,gckiwyct@test.com,36,Non-binary
70,zmysuzik,zmysuzik@example.com,27,Female
71,jqmfrrec,jqmfrrec@test.com,24,Non-binary
72,tieiztdg,tieiztdg@example.com,39,Female
73,pvxnxlun,pvxnxlun@example.com,45,Non-binary
74,yfjivdpw,yfjivdpw@example.com,46,Female
75,jhkzlgaq,jhkzlgaq@example.com,25,Female
76,isehsznl,isehsznl@test.com,59,Non-binary
77,ranyahgf,ranyahgf@test.com,19,Non-binary
78,gicylbwp,gicylbwp@test.com,30,Non-binary
79,asfpfcli,asfpfcli@example.com,55,Male
80,xwzidxcf,xwzidxcf@test.com,60,Female
81,vsvbcdbd,vsvbcdbd@test.com,38,Female
82,excqdzsq,excqdzsq@mail.com,56,Female
83,umwdrgrj,umwdrgrj@test.com,34,Female
84,munkoagf,munkoagf@mail.com,33,Female
85,axnvxxar,axnvxxar@example.com,29,Male
86,pzztyqcs,pzztyqcs@mail.com,44,Male
87,ymkugvla,ymkugvla@example.com,34,Non-binary
88,fvtosceg,fvtosceg@example.com,30,Male
89,ympcknik,ympcknik@mail.com,36,Non-binary
90,ttclzkda,ttclzkda@example.com,43,Male
91,loqdrimn,loqdrimn@example.com,25,Male
92,kdyahusj,kdyahusj@test.com,30,Male
93,axqjaccs,axqjaccs@mail.com,44,Non-binary
94,cqiiawoa,cqiiawoa@test.com,40,Female
95,lwnmmhqi,lwnmmhqi@test.com,46,Non-binary
96,xzrhnwel,xzrhnwel@example.com,44,Female
97,ibtaowtp,ibtaowtp@mail.com,26,Female
98,degptxuv,degptxuv@test.com,48,Female
99,inohawne,inohawne@test.com,42,Non-binary
100,salgmrfq,salgmrfq@mail.com,28,Non-binary
101,chxqxkco,chxqxkco@example.com,57,Male
102,xfmzvudu,xfmzvudu@example.com,44,Female
103,zjzcrujz,zjzcrujz@example.com,59,Non-binary
104,jqtsxqto,jqtsxqto@mail.com,42,Female
105,nduzeohu,nduzeohu@example.com,48,Non-binary
106,upnjsela,upnjsela@example.com,56,Male
107,tojmcrsh,tojmcrsh@example.com,51,Male
108,taavuyis,taavuyis@test.com,19,Male
109,bjomcpoh,bjomcpoh@mail.com,31,Male
110,yinsqsoq,yinsqsoq@mail.com,26,Female
111,srgstoie,srgstoie@mail.com,46,Female
112,wxcneffj,wxcneffj@example.com,31,Male
113,bkjtpmbr,bkjtpmbr@example.com,49,Non-binary
114,bgomopff,bgomopff@example.com,56,Male
115,oaayqgbk,oaayqgbk@test.com,60,Male
116,nqwjbgtq,nqwjbgtq@mail.com,54,Male
117,ihkdqqil,ihkdqqil@example.com,20,Male
118,uwxfxxzn,uwxfxxzn@mail.com,30,Male
119,xeoaracf,xeoaracf@test.com,38,Male
120,jtssaqfc,jtssaqfc@test.com,46,Female
121,cvzcghns,cvzcghns@example.com,26,Non-binary
122,hzmsdexm,hzmsdexm@test.com,45,Male
123,kcqaoyut,kcqaoyut@mail.com,37,Male
124,kfjjcnkz,kfjjcnkz@example.com,58,Female
125,vhfpbvax,vhfpbvax@example.com,49,Non-binary
126,baztulba,baztulba@example.com,18,Non-binary
127,nhchohta,nhchohta@example.com,41,Non-binary
128,mtcdxrqb,mtcdxrqb@test.com,58,Non-binary
129,clcudrbl,clcudrbl@mail.com,52,Female
130,frjlawed,frjlawed@test.com,21,Male
131,izshaagt,izshaagt@mail.com,19,Male
132,omtwjtkj,omtwjtkj@test.com,52,Male
133,rzanaklw,rzanaklw@mail.com,20,Male
134,prmvdvay,prmvdvay@test.com,34,Non-binary
135,fbciwiwf,fbciwiwf@test.com,34,Male
136,elqdmsqc,elqdmsqc@example.com,29,Non-binary
137,eblfuxqu,eblfuxqu@example.com,40,Male
138,rotjhfug,rotjhfug@example.com,22,Male
139,xzbgvjbz,xzbgvjbz@example.com,26,Female
140,tybcttvo,tybcttvo@example.com,23,Male
141,qjpkjews,qjpkjews@mail.com,52,Male
142,owokxzfr,owokxzfr@example.com,22,Non-binary
143,nshlffhl,nshlffhl@mail.com,36,Male
144,qpclugyd,qpclugyd@mail.com,49,Non-binary
145,syrsamnv,syrsamnv@test.com,23,Non-binary
146,wmflxhhe,wmflxhhe@example.com,45,Non-binary
147,dqevzhxo,dqevzhxo@mail.com,53,Male
148,ivdmydbe,ivdmydbe@mail.com,44,Male
149,vahwrisi,vahwrisi@mail.com,55,Female
150,radokhgj,radokhgj@test.com,51,Male
151,dpqeliiv,dpqeliiv@example.com,59,Female
152,mmpakqfo,mmpakqfo@example.com,40,Female
153,fcjhuarc,fcjhuarc@example.com,23,Female
154,vhyxhpxd,vhyxhpxd@example.com,53,Female
155,lvbrxbfg,lvbrxbfg@mail.com,27,Non-binary
156,ghxvwyfg,ghxvwyfg@mail.com,43,Non-binary
157,icavjngc,icavjngc@example.com,22,Non-binary
158,onhylnyb,onhylnyb@test.com,27,Female
159,roixszzk,roixszzk@mail.com,32,Non-binary
160,bxqezlkc,bxqezlkc@test.com,21,Non-binary
161,vsjsacpm,vsjsacpm@example.com,50,Male
162,ljtelfdk,ljtelfdk@example.com,44,Non-binary
163,zzpcucqv,zzpcucqv@example.com,20,Female
164,pdsnfnsn,pdsnfnsn@mail.com,18,Non-binary
165,vrlsuvda,vrlsuvda@example.com,58,Male
166,dbvtqpsn,dbvtqpsn@test.com,35,Female
167,qtpnfbkl,qtpnfbkl@mail.com,21,Male
168,hsoyodtc,hsoyodtc@test.com,39,Female
169,eijcrajh,eijcrajh@test.com,31,Female
170,perikhax,perikhax@mail.com,19,Non-binary
171,vkycmmyi,vkycmmyi@mail.com,22,Non-binary
172,ueaoezfp,ueaoezfp@test.com,40,Female
173,slowygqu,slowygqu@test.com,48,Female
174,umtcuoda,umtcuoda@mail.com,19,Male
175,gbgougbk,gbgougbk@mail.com,36,Male
176,wxfrqwbr,wxfrqwbr@mail.com,21,Male
177,isaintne,isaintne@example.com,58,Non-binary
178,tkedtrfx,tkedtrfx@mail.com,33,Male
179,qwizlylg,qwizlylg@example.com,37,Male
180,joepsxbp,joepsxbp@example.com,56,Female
181,pqvumixh,pqvumixh@example.com,30,Female
182,fcrfmgdr,fcrfmgdr@example.com,19,Female
183,dtrucocl,dtrucocl@mail.com,23,Female
184,gbutyuvd,gbutyuvd@mail.com,48,Non-binary
185,hlmthzpi,hlmthzpi@mail.com,31,Non-binary
186,hqytowan,hqytowan@test.com,59,Non-binary
187,eouzmzbk,eouzmzbk@example.com,29,Male
188,vjhyhxuo,vjhyhxuo@example.com,33,Male
189,xfpstupg,xfpstupg@test.com,58,Non-binary
190,rwllbppi,rwllbppi@example.com,21,Non-binary
191,rhfdkkod,rhfdkkod@mail.com,60,Non-binary
192,qjhmxnuk,qjhmxnuk@example.com,27,Male
193,mmsoczmn,mmsoczmn@test.com,23,Non-binary
194,ztzwujge,ztzwujge@mail.com,42,Non-binary
195,dsszxyhh,dsszxyhh@test.com,40,Female
196,fwhuvzqw,fwhuvzqw@example.com,43,Non-binary
197,vblwumnv,vblwumnv@example.com,48,Male
198,dnvteycd,dnvteycd@example.com,30,Male
199,ufppjwrk,ufppjwrk@mail.com,33,Male
200,fgmcynaz,fgmcynaz@mail.com,49,Female
201,nfhfkrlt,nfhfkrlt@test.com,20,Male
202,wsbgwqfe,wsbgwqfe@test.com,39,Male
203,vxlertep,vxlertep@example.com,30,Non-binary
204,qpiiuywp,qpiiuywp@mail.com,55,Male
205,ppvrojsb,ppvrojsb@test.com,28,Female
206,bvssoudn,bvssoudn@test.com,20,Female
207,zuzgnoul,zuzgnoul@test.com,30,Non-binary
208,plyaopol,plyaopol@mail.com,27,Female
209,pzfhtfsd,pzfhtfsd@test.com,52,Non-binary
210,uuvbmoer,uuvbmoer@test.com,39,Male
211,kssfjkpi,kssfjkpi@mail.com,58,Male
212,lrgqohga,lrgqohga@test.com,19,Female
213,qmypzsmt,qmypzsmt@mail.com,41,Female
214,gjtripcn,gjtripcn@example.com,26,Female
215,innkyaed,innkyaed@example.com,29,Female
216,fpodjdgy,fpodjdgy@test.com,46,Female
217,srzbmpbm,srzbmpbm@test.com,22,Male
218,uedohlwa,uedohlwa@mail.com,36,Male
219,ipyxavzp,ipyxavzp@example.com,25,Female
220,cyflfjzw,cyflfjzw@example.com,52,Male
221,rwzaquzx,rwzaquzx@test.com,34,Male
222,yhmxodkt,yhmxodkt@example.com,28,Non-binary
223,xobfrjax,xobfrjax@example.com,58,Non-binary
224,zfjnvhxs,zfjnvhxs@example.com,53,Male
225,bevysqtj,bevysqtj@mail.com,38,Non-binary
226,wzkuzplu,wzkuzplu@example.com,42,Male
227,opsalsva,opsalsva@example.com,32,Male
228,bcvuhpjg,bcvuhpjg@example.com,51,Female
229,ojskopzp,ojskopzp@example.com,42,Female
230,mhgmwucm,mhgmwucm@example.com,40,Female
231,oqunsqzs,oqunsqzs@example.com,39,Female
232,gygvvvmn,gygvvvmn@test.com,25,Non-binary
233,xfeqicge,xfeqicge@example.com,30,Male
234,erpfnydd,erpfnydd@example.com,50,Female
235,ddbqppgf,ddbqppgf@test.com,47,Male
236,txzjqfce,txzjqfce@mail.com,55,Male
237,eahyeooi,eahyeooi@example.com,54,Female
238,nzvidwxa,nzvidwxa@example.com,50,Female
239,lopykbzy,lopykbzy@mail.com,54,Non-binary
240,vlftqakt,vlftqakt@test.com,36,Female
241,hiifqlgi,hiifqlgi@test.com,30,Non-binary
242,kwgmwhjn,kwgmwhjn@mail.com,54,Female
243,nytczgle,nytczgle@mail.com,36,Male
244,ctxpwejf,ctxpwejf@mail.com,42,Female
245,wmgqbwng,wmgqbwng@example.com,23,Female
246,efeugmyu,efeugmyu@example.com,26,Female
247,lqdfaoaq,lqdfaoaq@mail.com,38,Female
248,zwvsiyfg,zwvsiyfg@mail.com,44,Non-binary
249,mqwsgdke,mqwsgdke@test.com,50,Non-binary
250,lbxlmomw,lbxlmomw@example.com,20,Non-binary
251,fclmpdel,fclmpdel@mail.com,40,Female
252,zzfgulaf,zzfgulaf@test.com,35,Non-binary
253,ctiwpunk,ctiwpunk@example.com,33,Non-binary
254,mawhnsgt,mawhnsgt@test.com,32,Non-binary
255,idopvygj,idopvygj@test.com,34,Female
256,ydayosnr,ydayosnr@test.com,36,Female
257,dntztlmj,dntztlmj@mail.com,35,Non-binary
258,sejyvdrb,sejyvdrb@example.com,30,Male
259,lmpqxpjv,lmpqxpjv@example.com,25,Female
260,qgiyygua,qgiyygua@test.com,34,Non-binary
261,zjazwuex,zjazwuex@mail.com,30,Female
262,obzllwdn,obzllwdn@mail.com,56,Male
263,pwdfqgnw,pwdfqgnw@example.com,28,Non-binary
264,wwfjcuyj,wwfjcuyj@mail.com,23,Non-binary
265,xhgpjasi,xhgpjasi@mail.com,51,Female
266,uycprtnf,uycprtnf@test.com,41,Non-binary
267,fxcfargx,fxcfargx@example.com,44,Male
268,yinnzxvl,yinnzxvl@test.com,57,Male
269,fedfrclp,fedfrclp@mail.com,57,Male
270,xfqrtyix,xfqrtyix@example.com,30,Non-binary
271,xzhtlugn,xzhtlugn@example.com,55,Male
272,vihwvjps,vihwvjps@example.com,43,Male
273,umkgevhc,umkgevhc@example.com,41,Non-binary
274,wedklehh,wedklehh@test.com,18,Non-binary
275,trctjrhj,trctjrhj@mail.com,52,Male
276,gaohugbx,gaohugbx@test.com,44,Male
277,umnhprba,umnhprba@mail.com,56,Non-binary
278,kzsrzotk,kzsrzotk@example.com,50,Female
279,fynizxjr,fynizxjr@test.com,19,Female
280,twojucgx,twojucgx@test.com,51,Non-binary
281,frsdmsnt,frsdmsnt@mail.com,32,Non-binary
282,hkzcxjbq,hkzcxjbq@mail.com,19,Non-binary
283,piqluknb,piqluknb@example.com,52,Male
284,hfbdwutp,hfbdwutp@mail.com,35,Non-binary
285,vatkjqaj,vatkjqaj@mail.com,56,Male
286,znuwocgu,znuwocgu@test.com,52,Female
287,xarycplz,xarycplz@example.com,24,Female
288,hffgzqnk,hffgzqnk@example.com,29,Non-binary
289,lqjkhcho,lqjkhcho@mail.com,55,Male
290,xgnjnphq,xgnjnphq@test.com,49,Male
291,gykalqhp,gykalqhp@example.com,28,Male
292,nvgzyvvd,nvgzyvvd@example.com,31,Female
293,hbticbri,hbticbri@example.com,53,Male
294,bpernfiv,bpernfiv@test.com,36,Male
295,svapvngu,svapvngu@example.com,28,Non-binary
296,xwouqhko,xwouqhko@test.com,54,Female
297,ynmjwhcu,ynmjwhcu@example.com,52,Male
298,qbrmqjij,qbrmqjij@example.com,48,Female
299,aaohwnnj,aaohwnnj@test.com,40,Male
300,smbzffty,smbzffty@test.com,55,Female
301,qylsgeuu,qylsgeuu@example.com,58,Female
302,gtdcijgg,gtdcijgg@example.com,22,Non-binary
303,mrhguncv,mrhguncv@mail.com,21,Non-binary
304,obsbmuhb,obsbmuhb@test.com,25,Male
305,pjebmcjl,pjebmcjl@example.com,45,Female
306,wyvpusju,wyvpusju@test.com,53,Male
307,vitabrok,vitabrok@example.com,18,Male
308,nofbhdif,nofbhdif@mail.com,36,Non-binary
309,pqbkybhg,pqbkybhg@mail.com,24,Non-binary
310,jdffvluc,jdffvluc@test.com,30,Non-binary
311,nzacucrv,nzacucrv@test.com,21,Non-binary
312,wnqrpwwi,wnqrpwwi@test.com,46,Male
313,mzbuhcqr,mzbuhcqr@example.com,50,Male
314,vflticmv,vflticmv@example.com,47,Male
315,fycjfdpi,fycjfdpi@mail.com,32,Non-binary
316,amwtlfzi,amwtlfzi@mail.com,34,Non-binary
317,dgviwkzr,dgviwkzr@mail.com,37,Non-binary
318,dvrftegi,dvrftegi@test.com,33,Female
319,qmcyvfyq,qmcyvfyq@test.com,60,Male
320,jxfebvkr,jxfebvkr@mail.com,46,Female
321,lskrheht,lskrheht@mail.com,45,Female
322,ftnrawjf,ftnrawjf@test.com,49,Female
323,jyegprrq,jyegprrq@mail.com,57,Non-binary
324,tkqvtmmt,tkqvtmmt@mail.com,30,Male
325,wfzibnmk,wfzibnmk@example.com,47,Female
326,mizpbels,mizpbels@test.com,52,Female
327,yluqwcwi,yluqwcwi@test.com,29,Male
328,oogygfph,oogygfph@mail.com,55,Female
329,dmmgoqyk,dmmgoqyk@mail.com,39,Male
330,mjcpksdi,mjcpksdi@example.com,34,Male
331,cddwyakt,cddwyakt@mail.com,23,Non-binary
332,ziaigqcv,ziaigqcv@mail.com,28,Female
333,flfjawqp,flfjawqp@example.com,46,Non-binary
334,usxsdtku,usxsdtku@test.com,41,Female
335,ceprvusb,ceprvusb@example.com,53,Male
336,pzbpomwc,pzbpomwc@test.com,56,Non-binary
337,meckjwsg,meckjwsg@example.com,25,Male
338,dtaqdawl,dtaqdawl@test.com,36,Male
339,vazllcin,vazllcin@test.com,56,Female
340,fuvryjls,fuvryjls@example.com,26,Non-binary
341,wqgszyqd,wqgszyqd@test.com,21,Female
342,urcxykwr,urcxykwr@mail.com,53,Male
343,boonyskz,boonyskz@test.com,60,Non-binary
344,okchcovp,okchcovp@test.com,51,Male
345,oqdwupdy,oqdwupdy@test.com,34,Male
346,kmiptehz,kmiptehz@mail.com,50,Female
347,birjkyde,birjkyde@test.com,54,Male
348,dauthdtm,dauthdtm@example.com,22,Non-binary
349,hduqvsts,hduqvsts@test.com,20,Female
350,nmznfrjw,nmznfrjw@test.com,45,Non-binary
351,fenojdom,fenojdom@example.com,45,Female
352,dyklgzbe,dyklgzbe@mail.com,24,Female
353,tynnrmhd,tynnrmhd@test.com,40,Non-binary
354,ppsqyzst,ppsqyzst@example.com,28,Female
355,tviyvqcc,tviyvqcc@test.com,21,Non-binary
356,vfaprtlt,vfaprtlt@test.com,34,Non-binary
357,mmykbmmy,mmykbmmy@test.com,54,Non-binary
358,juzdnnhz,juzdnnhz@mail.com,34,Non-binary
359,haveorsp,haveorsp@example.com,55,Non-binary
360,bwzhlbsx,bwzhlbsx@example.com,51,Non-binary
361,nutybszv,nutybszv@test.com,38,Female
362,xgyrabob,xgyrabob@mail.com,40,Male
363,evwkaedn,evwkaedn@mail.com,58,Female
364,dovnmrjd,dovnmrjd@test.com,24,Male
365,iqkiudnx,iqkiudnx@test.com,32,Non-binary
366,vmawbmtw,vmawbmtw@example.com,38,Male
367,nfwuffid,nfwuffid@example.com,36,Male
368,gxdqjdut,gxdqjdut@test.com,47,Male
369,tdthvbdc,tdthvbdc@test.com,44,Male
370,dbzzfnex,dbzzfnex@example.com,28,Non-binary
371,vhgqfnxa,vhgqfnxa@example.com,35,Non-binary
372,oebljszw,oebljszw@mail.com,34,Female
373,xynzjwjm,xynzjwjm@example.com,49,Female
374,kxfvtsjd,kxfvtsjd@test.com,35,Non-binary
375,upbmdvhl,upbmdvhl@test.com,23,Male
376,mfhmxfrn,mfhmxfrn@mail.com,59,Male
377,bbzjggei,bbzjggei@mail.com,54,Male
378,duscuurp,duscuurp@mail.com,56,Non-binary
379,kmjudenr,kmjudenr@mail.com,47,Female
380,vxraqooy,vxraqooy@mail.com,55,Male
381,gjerudcq,gjerudcq@test.com,23,Female
382,flnhpbmv,flnhpbmv@test.com,38,Female
383,mwcjpdzp,mwcjpdzp@example.com,22,Female
384,oztzfifp,oztzfifp@mail.com,56,Non-binary
385,dxgcknek,dxgcknek@example.com,40,Female
386,htqowhzw,htqowhzw@mail.com,57,Female
387,lwolkvlc,lwolkvlc@test.com,31,Non-binary
388,ayeyrrky,ayeyrrky@mail.com,20,Female
389,ssfsyecq,ssfsyecq@example.com,19,Male
390,yzvjygtf,yzvjygtf@example.com,36,Non-binary
391,rcxpqlfh,rcxpqlfh@test.com,36,Male
392,plbgfnez,plbgfnez@mail.com,51,Female
393,abhozyas,abhozyas@example.com,39,Female
394,tqqhbtyl,tqqhbtyl@example.com,40,Female
395,yfycvkos,yfycvkos@example.com,34,Female
396,xqdffxdu,xqdffxdu@test.com,20,Female
397,ooampyvy,ooampyvy@test.com,34,Female
398,lclqwbwu,lclqwbwu@test.com,25,Non-binary
399,ssjprmqg,ssjprmqg@example.com,55,Male
400,vxubvgpe,vxubvgpe@example.com,51,Male
401,fmyqyrkt,fmyqyrkt@test.com,42,Male
402,mpcwuorr,mpcwuorr@example.com,48,Non-binary
403,xqznjvbu,xqznjvbu@test.com,45,Non-binary
404,ewnenyfn,ewnenyfn@example.com,31,Male
405,srxunjpd,srxunjpd@mail.com,19,Male
406,ylvfieyn,ylvfieyn@mail.com,34,Male
407,vgthpzdy,vgthpzdy@test.com,46,Non-binary
408,ibtyenjt,ibtyenjt@mail.com,51,Female
409,pskzhfeg,pskzhfeg@test.com,40,Non-binary
410,tkuhsvji,tkuhsvji@mail.com,31,Female
411,leqmimtb,leqmimtb@mail.com,41,Male
412,fbkhfdse,fbkhfdse@mail.com,34,Male
413,ycepeobb,ycepeobb@example.com,32,Female
414,nyprrnan,nyprrnan@example.com,57,Non-binary
415,udskwurv,udskwurv@example.com,29,Female
416,iwvgnezv,iwvgnezv@test.com,52,Male
417,oexeokii,oexeokii@example.com,22,Female
418,slwclwoe,slwclwoe@mail.com,44,Male
419,jmgopunb,jmgopunb@test.com,23,Non-binary
420,rhdktdrd,rhdktdrd@example.com,56,Male
421,zlxrqbta,zlxrqbta@mail.com,41,Female
422,yyomspvx,yyomspvx@example.com,51,Non-binary
423,nxekpdjx,nxekpdjx@test.com,56,Male
424,bqsdljec,bqsdljec@test.com,20,Female
425,clynmvas,clynmvas@example.com,23,Male
426,bqrnzsgq,bqrnzsgq@test.com,20,Non-binary
427,tzoxfftd,tzoxfftd@mail.com,25,Female
428,rbutqvuu,rbutqvuu@mail.com,43,Female
429,hhaownbo,hhaownbo@mail.com,43,Male
430,hunxapqe,hunxapqe@mail.com,34,Non-binary
431,mtbncldh,mtbncldh@example.com,43,Male
432,dykpxkjw,dykpxkjw@example.com,35,Female
433,hsomvyda,hsomvyda@example.com,60,Female
434,pkrelvid,pkrelvid@mail.com,40,Non-binary
435,tnmobzkj,tnmobzkj@test.com,32,Female
436,lbrktyqk,lbrktyqk@example.com,27,Female
437,njkzeett,njkzeett@example.com,30,Male
438,xkstdcwr,xkstdcwr@example.com,59,Non-binary
439,yfwrfmcm,yfwrfmcm@example.com,27,Non-binary
440,pgfcldae,pgfcldae@mail.com,45,Non-binary
441,xnslffrh,xnslffrh@example.com,34,Non-binary
442,euoendfk,euoendfk@example.com,30,Female
443,ryfuedxp,ryfuedxp@example.com,44,Male
444,nheyjafq,nheyjafq@example.com,19,Male
445,scioodiw,scioodiw@test.com,42,Non-binary
446,mwiolqyg,mwiolqyg@mail.com,42,Non-binary
447,pvlneube,pvlneube@example.com,55,Female
448,tzhorggn,tzhorggn@example.com,53,Non-binary
449,dtcadbmt,dtcadbmt@mail.com,34,Female
450,tuydnyly,tuydnyly@mail.com,28,Male
451,cmidbndv,cmidbndv@example.com,60,Non-binary
452,gwspbbrv,gwspbbrv@test.com,20,Non-binary
453,cwsywnwv,cwsywnwv@test.com,25,Female
454,afdqcrdu,afdqcrdu@example.com,45,Male
455,okzrytcf,okzrytcf@mail.com,50,Male
456,wdijlyfp,wdijlyfp@test.com,29,Non-binary
457,uxhcnztl,uxhcnztl@test.com,54,Non-binary
458,oaqpxouo,oaqpxouo@mail.com,54,Female
459,qilfojpx,qilfojpx@mail.com,60,Female
460,ijhtgfcq,ijhtgfcq@mail.com,29,Male
461,fixyqjhq,fixyqjhq@test.com,46,Male
462,orpsfcae,orpsfcae@example.com,29,Female
463,xfioxjao,xfioxjao@test.com,41,Non-binary
464,qcnaycmh,qcnaycmh@mail.com,46,Female
465,coqmzwsf,coqmzwsf@example.com,45,Non-binary
466,vozrnlpn,vozrnlpn@test.com,54,Non-binary
467,fjaqjtuk,fjaqjtuk@example.com,56,Non-binary
468,oqxngcuw,oqxngcuw@example.com,58,Non-binary
469,ngukpegc,ngukpegc@test.com,35,Male
470,gconvfnl,gconvfnl@example.com,34,Female
471,zpnhrimh,zpnhrimh@mail.com,28,Non-binary
472,xbqtoqvo,xbqtoqvo@example.com,44,Female
473,ukknqlxr,ukknqlxr@example.com,32,Non-binary
474,oxvrmsuq,oxvrmsuq@mail.com,58,Female
475,psxqqpyu,psxqqpyu@mail.com,52,Male
476,fwpovmvk,fwpovmvk@example.com,19,Female
477,uzldgjrl,uzldgjrl@test.com,54,Male
478,nhbrnykv,nhbrnykv@example.com,21,Male
479,ugwxdfxo,ugwxdfxo@mail.com,49,Non-binary
480,rvqdcbcg,rvqdcbcg@test.com,56,Male
481,gchcezck,gchcezck@example.com,53,Male
482,fozppvdl,fozppvdl@example.com,23,Non-binary
483,tscpgybm,tscpgybm@mail.com,53,Male
484,eexipyvr,eexipyvr@test.com,24,Non-binary
485,htshbvup,htshbvup@mail.com,28,Male
486,omqhvgja,omqhvgja@example.com,59,Male
487,jgjzcepd,jgjzcepd@mail.com,23,Female
488,ctpsfkzb,ctpsfkzb@example.com,60,Non-binary
489,adrfpwoy,adrfpwoy@test.com,47,Non-binary
490,vifxwztr,vifxwztr@mail.com,43,Female
491,rshruobl,rshruobl@mail.com,29,Non-binary
492,oidaruvd,oidaruvd@example.com,54,Non-binary
493,coboelfm,coboelfm@test.com,24,Female
494,madgujif,madgujif@test.com,43,Non-binary
495,dfpbpqln,dfpbpqln@mail.com,57,Female
496,ezomjhtm,ezomjhtm@mail.com,48,Male
497,spmljjqg,spmljjqg@test.com,60,Non-binary
498,diroseuk,diroseuk@mail.com,26,Non-binary
499,wlqvzfde,wlqvzfde@example.com,40,Female
500,tgbugidr,tgbugidr@mail.com,55,Female
